location,alpha,gamma,beta,absolute_turnover,whittaker,proportional,var_alpha,n_checklists_per_week,replicate_number
US-AL,26.270833333333332,205.0,7.803330689928629,178.72916666666666,6.803330689928629,0.8718495934959349,43.81870567375886,2.0,1
US-AK,18.916666666666668,196.0,10.36123348017621,177.08333333333334,9.36123348017621,0.9034863945578231,30.078014184397162,2.0,1
US-AZ,27.395833333333332,250.0,9.125475285171103,222.60416666666666,8.125475285171103,0.8904166666666666,23.052748226950353,2.0,1
US-AR,29.041666666666668,200.0,6.886657101865136,170.95833333333334,5.886657101865136,0.8547916666666666,33.2322695035461,2.0,1
US-CA,32.75,261.0,7.969465648854962,228.25,6.969465648854962,0.8745210727969348,21.382978723404257,2.0,1
US-CO,21.729166666666668,202.0,9.296260786193672,180.27083333333334,8.296260786193672,0.8924298679867987,39.64849290780142,2.0,1
US-CT,22.375,184.0,8.223463687150838,161.625,7.223463687150838,0.8783967391304348,40.111702127659576,2.0,1
US-DE,32.458333333333336,215.0,6.62387676508344,182.54166666666666,5.62387676508344,0.849031007751938,72.8918439716312,2.0,1
US-FL,29.958333333333332,220.0,7.343532684283728,190.04166666666666,6.343532684283728,0.8638257575757575,46.083333333333336,2.0,1
US-GA,28.854166666666668,208.0,7.208664259927797,179.14583333333334,6.208664259927797,0.8612780448717949,30.808067375886523,2.0,1
US-HI,13.0,100.0,7.6923076923076925,87.0,6.6923076923076925,0.87,11.361702127659575,2.0,1
US-ID,20.145833333333332,188.0,9.33195449844881,167.85416666666666,8.33195449844881,0.8928413120567376,23.40381205673759,2.0,1
US-IL,24.020833333333332,197.0,8.201214223764094,172.97916666666666,7.201214223764094,0.8780668358714044,67.97828014184397,2.0,1
US-IN,30.458333333333332,201.0,6.5991792065663475,170.54166666666666,5.5991792065663475,0.8484660033167496,75.44503546099291,2.0,1
US-IA,22.75,185.0,8.131868131868131,162.25,7.131868131868131,0.8770270270270271,65.93617021276596,2.0,1
US-KS,28.75,209.0,7.269565217391304,180.25,6.269565217391304,0.8624401913875598,31.0,2.0,1
US-KY,29.229166666666668,184.0,6.295081967213115,154.77083333333334,5.295081967213115,0.8411458333333333,49.457003546099294,2.0,1
US-LA,39.229166666666664,246.0,6.2708443972384496,206.77083333333334,5.2708443972384496,0.8405318428184282,41.6697695035461,2.0,1
US-ME,22.708333333333332,197.0,8.675229357798166,174.29166666666666,7.675229357798166,0.8847292724196277,57.487588652482266,2.0,1
US-MD,28.875,205.0,7.0995670995671,176.125,6.0995670995671,0.8591463414634146,48.026595744680854,2.0,1
US-MA,26.666666666666668,200.0,7.5,173.33333333333334,6.5,0.8666666666666667,60.141843971631204,2.0,1
US-MI,23.5625,190.0,8.063660477453581,166.4375,7.063660477453581,0.8759868421052631,74.67686170212765,2.0,1
US-MN,17.354166666666668,187.0,10.775510204081632,169.64583333333334,9.775510204081632,0.9071969696969697,54.403812056737586,2.0,1
US-MS,32.9375,230.0,6.98292220113852,197.0625,5.98292220113852,0.8567934782608696,25.804521276595743,2.0,1
US-MO,27.6875,195.0,7.042889390519187,167.3125,6.042889390519187,0.8580128205128206,47.878989361702125,2.0,1
US-MT,20.791666666666668,190.0,9.138276553106213,169.20833333333334,8.138276553106213,0.8905701754385965,39.2322695035461,2.0,1
US-NE,23.729166666666668,179.0,7.543459174714662,155.27083333333334,6.543459174714662,0.8674348230912476,59.010195035460995,2.0,1
US-NV,24.729166666666668,218.0,8.815501263689974,193.27083333333334,7.815501263689974,0.8865634556574924,36.24423758865248,2.0,1
US-NH,21.25,173.0,8.141176470588235,151.75,7.141176470588235,0.8771676300578035,54.1063829787234,2.0,1
US-NJ,32.083333333333336,228.0,7.106493506493506,195.91666666666666,6.106493506493506,0.8592836257309941,73.22695035460993,2.0,1
US-NM,23.875,222.0,9.298429319371728,198.125,8.298429319371728,0.892454954954955,22.75,2.0,1
US-NY,24.354166666666668,214.0,8.78699743370402,189.64583333333334,7.78699743370402,0.8861954828660437,55.59530141843972,2.0,1
US-NC,28.979166666666668,216.0,7.453630481667864,187.02083333333334,6.453630481667864,0.8658371913580247,31.25487588652482,2.0,1
US-ND,22.8125,212.0,9.293150684931506,189.1875,8.293150684931506,0.89239386792452835,125.98537234042553,2.0,1
US-OH,27.145833333333332,194.0,7.146584804297775,166.85416666666666,6.146584804297775,0.8600730240549828,59.57402482269504,2.0,1
US-OK,27.166666666666668,213.0,7.840490797546012,185.83333333333334,6.840490797546012,0.8724569640062598,39.50354609929078,2.0,1
US-OR,24.916666666666668,205.0,8.227424749163879,180.08333333333334,7.227424749163879,0.8784552845528455,32.88652482269504,2.0,1
US-PA,23.0625,172.0,7.457994579945799,148.9375,6.457994579945799,0.8659156976744187,38.10239361702128,2.0,1
US-RI,25.479166666666668,189.0,7.417825020441537,163.52083333333334,6.417825020441537,0.8651895943562611,30.510195035460992,2.0,1
US-SC,26.5,198.0,7.471698113207547,171.5,6.471698113207547,0.8661616161616161,37.787234042553195,2.0,1
US-SD,18.875,209.0,11.072847682119205,190.125,10.072847682119205,0.909688995215311,52.36702127659574,2.0,1
US-TN,28.604166666666668,188.0,6.572469045884923,159.39583333333334,5.572469045884923,0.8478501773049645,37.13785460992908,2.0,1
US-TX,29.8125,299.0,10.029350104821804,269.1875,9.029350104821804,0.9002926421404682,25.517287234042552,2.0,1
US-UT,23.729166666666668,210.0,8.849868305531167,186.27083333333334,7.849868305531167,0.8870039682539682,39.64849290780142,2.0,1
US-VT,19.104166666666668,170.0,8.898582333696837,150.89583333333334,7.898582333696837,0.8876225490196078,48.7761524822695,2.0,1
US-VA,27.333333333333332,191.0,6.987804878048781,163.66666666666666,5.987804878048781,0.8568935427574171,30.99290780141844,2.0,1
US-WA,25.5,213.0,8.352941176470589,187.5,7.352941176470589,0.8802816901408451,21.106382978723403,2.0,1
US-WV,24.520833333333332,156.0,6.3619371282922685,131.47916666666666,5.3619371282922685,0.842815170940171,38.80806737588652,2.0,1
US-WI,23.729166666666668,191.0,8.049165935030729,167.27083333333334,7.049165935030729,0.8757635253054101,75.90381205673759,2.0,1
US-WY,16.645833333333332,172.0,10.332916145181478,155.35416666666666,9.332916145181478,0.9032218992248062,29.25487588652482,2.0,1
US-AL,67.0625,266.0,3.9664492078285183,198.9375,2.9664492078285183,0.7478853383458647,170.23005319148936,8.0,1
US-AK,54.1875,265.0,4.89042675893887,210.8125,3.8904267589388697,0.7955188679245283,265.7300531914894,8.0,1
US-AZ,77.70833333333333,318.0,4.092225201072386,240.29166666666669,3.0922252010723863,0.7556341719077568,59.70035460992908,8.0,1
US-AR,67.52083333333333,260.0,3.8506633755013886,192.47916666666669,2.8506633755013886,0.7403044871794873,82.38253546099291,8.0,1
US-CA,87.16666666666667,347.0,3.9808795411089863,259.8333333333333,2.9808795411089863,0.7487992315081652,52.141843971631204,8.0,1
US-CO,58.3125,293.0,5.02465166130761,234.6875,4.02465166130761,0.800981228668942,167.53856382978722,8.0,1
US-CT,57.020833333333336,239.0,4.191450493240774,181.97916666666666,3.191450493240774,0.7614191073919108,162.91445035460993,8.0,1
US-DE,75.375,276.0,3.6616915422885574,200.625,2.6616915422885574,0.7269021739130435,282.0691489361702,8.0,1
US-FL,75.08333333333333,289.0,3.849056603773585,213.91666666666669,2.849056603773585,0.7401960784313726,135.2695035460993,8.0,1
US-GA,66.66666666666667,259.0,3.885,192.33333333333331,2.885,0.7425997425997426,75.84397163120568,8.0,1
US-HI,31.270833333333332,124.0,3.965356429047302,92.72916666666667,2.965356429047302,0.7478158602150538,22.116578014184398,8.0,1
US-ID,57.583333333333336,264.0,4.58465991316932,206.41666666666666,3.58465991316932,0.7818813131313131,131.4822695035461,8.0,1
US-IL,58.229166666666664,260.0,4.465116279069767,201.77083333333334,3.4651162790697674,0.7760416666666667,258.39317375886526,8.0,1
US-IN,67.04166666666667,260.0,3.878185208203853,192.95833333333331,2.878185208203853,0.7421474358974358,222.3386524822695,8.0,1
US-IA,53.979166666666664,253.0,4.686993438826708,199.02083333333334,3.6869934388267076,0.7866436100131753,226.87189716312056,8.0,1
US-KS,68.47916666666667,285.0,4.161849710982659,216.52083333333331,3.1618497109826587,0.7597222222222222,164.46764184397162,8.0,1
US-KY,62.25,243.0,3.9036144578313254,180.75,2.9036144578313254,0.7438271604938271,170.4468085106383,8.0,1
US-LA,93.70833333333333,308.0,3.2867941307247666,214.29166666666669,2.2867941307247666,0.6957521645021645,107.65780141843972,8.0,1
US-ME,55.1875,258.0,4.674971687429219,202.8125,3.6749716874292186,0.7860949612403101,273.3470744680851,8.0,1
US-MD,66.77083333333333,278.0,4.163494539781592,211.22916666666669,3.163494539781592,0.7598171462829737,102.26551418439716,8.0,1
US-MA,63.854166666666664,274.0,4.291027732463295,210.14583333333334,3.291027732463295,0.766955596107056,215.78679078014184,8.0,1
US-MI,57.0625,261.0,4.573932092004381,203.9375,3.573932092004381,0.7813697318007663,343.97473404255317,8.0,1
US-MN,45.979166666666664,251.0,5.45899410965111,205.02083333333334,4.45899410965111,0.8168160690571049,318.61657801418437,8.0,1
US-MS,83.04166666666667,286.0,3.4440541896638233,202.95833333333331,2.4440541896638233,0.7096445221445221,107.27482269503547,8.0,1
US-MO,65.22916666666667,258.0,3.9552858511657614,192.77083333333331,2.9552858511657614,0.7471737726098191,198.39317375886526,8.0,1
US-MT,54.375,261.0,4.8,206.625,3.8,0.7916666666666666,329.26063829787233,8.0,1
US-NE,56.9375,251.0,4.40834248079034,194.0625,3.40834248079034,0.7731573705179283,234.57047872340425,8.0,1
US-NV,67.0625,285.0,4.249767008387698,217.9375,3.249767008387698,0.7646929824561404,183.46409574468086,8.0,1
US-NH,51.645833333333336,236.0,4.5695845098830175,184.35416666666666,3.5695845098830175,0.7811617231638418,251.80806737588654,8.0,1
US-NJ,76.33333333333333,282.0,3.694323144104804,205.66666666666669,2.694323144104804,0.7293144208037825,239.03546099290782,8.0,1
US-NM,68.54166666666667,294.0,4.2893617021276595,225.45833333333331,3.2893617021276595,0.7668650793650793,120.8918439716312,8.0,1
US-NY,60.458333333333336,260.0,4.300482425913163,199.54166666666666,3.300482425913163,0.7674679487179488,224.16843971631207,8.0,1
US-NC,68.02083333333333,285.0,4.18989280245023,216.97916666666669,3.18989280245023,0.7613304093567251,95.7229609929078,8.0,1
US-ND,58.291666666666664,269.0,4.614724803431022,210.70833333333334,3.614724803431022,0.7833023543990087,661.2748226950355,8.0,1
US-OH,63.041666666666664,258.0,4.092531394580305,194.95833333333334,3.0925313945803046,0.7556524547803618,232.72163120567376,8.0,1
US-OK,65.10416666666667,289.0,4.439039999999999,223.89583333333331,3.4390399999999994,0.7747260668973471,108.81870567375887,8.0,1
US-OR,64.41666666666667,283.0,4.393272962483829,218.58333333333331,3.393272962483829,0.772379269729093,78.12056737588652,8.0,1
US-PA,55.375,231.0,4.1715575620767495,175.625,3.1715575620767495,0.7602813852813852,148.5372340425532,8.0,1
US-RI,59.1875,244.0,4.122492080253432,184.8125,3.1224920802534317,0.7574282786885246,97.9002659574468,8.0,1
US-SC,68.35416666666667,271.0,3.9646449253276437,202.64583333333331,2.9646449253276437,0.747770602706027,78.95700354609929,8.0,1
US-SD,50.541666666666664,266.0,5.262984336356142,215.45833333333334,4.262984336356142,0.8099937343358397,251.2322695035461,8.0,1
US-TN,65.54166666666667,248.0,3.783852511125238,182.45833333333331,2.783852511125238,0.7357190860215054,132.42375886524823,8.0,1
US-TX,86.70833333333333,399.0,4.601633829889477,312.2916666666667,3.601633829889477,0.7826858813700919,157.2322695035461,8.0,1
US-UT,61.875,271.0,4.37979797979798,209.125,3.3797979797979796,0.771678966789668,170.49468085106383,8.0,1
US-VT,48.520833333333336,234.0,4.82267067410906,185.47916666666666,3.8226706741090597,0.7926460113960114,267.8293439716312,8.0,1
US-VA,65.64583333333333,263.0,4.00634719136782,197.35416666666669,3.00634719136782,0.7503960709759189,97.29742907801419,8.0,1
US-WA,68.29166666666667,276.0,4.041488712629652,207.70833333333331,3.0414887126296524,0.7525664251207729,81.70035460992908,8.0,1
US-WV,55.041666666666664,209.0,3.797123391370174,153.95833333333334,2.797123391370174,0.7366427432216907,193.53014184397162,8.0,1
US-WI,57.208333333333336,271.0,4.737072104879825,213.79166666666666,3.737072104879825,0.78889913899139,380.59397163120565,8.0,1
US-WY,45.895833333333336,232.0,5.0549251021334545,186.10416666666666,4.0549251021334545,0.8021731321839081,264.9038120567376,8.0,1
US-AL,117.8125,312.0,2.6482758620689655,194.1875,1.6482758620689655,0.6223958333333333,340.8364361702128,32.0,1
US-AK,106.54166666666667,328.0,3.0786077434493544,221.45833333333331,2.0786077434493544,0.6751778455284553,1152.636524822695,32.0,1
US-AZ,154.39583333333334,387.0,2.506544326001889,232.60416666666666,1.506544326001889,0.6010443583118001,169.7761524822695,32.0,1
US-AR,111.70833333333333,317.0,2.8377471092875792,205.29166666666669,1.8377471092875792,0.6476077812828602,263.3173758865248,32.0,1
US-CA,169.25,458.0,2.706056129985229,288.75,1.706056129985229,0.6304585152838428,138.82978723404256,32.0,1
US-CO,112.60416666666667,367.0,3.2592044403330247,254.39583333333331,2.2592044403330247,0.6931766575840146,656.7974290780141,32.0,1
US-CT,100.10416666666667,310.0,3.096774193548387,209.89583333333331,2.096774193548387,0.6770833333333333,334.30806737588654,32.0,1
US-DE,123.89583333333333,325.0,2.6231713468975957,201.10416666666669,1.6231713468975957,0.6187820512820512,409.07402482269504,32.0,1
US-FL,135.125,362.0,2.67900092506938,226.875,1.67900092506938,0.6267265193370166,254.75,32.0,1
US-GA,118.89583333333333,311.0,2.6157350622043105,192.10416666666669,1.6157350622043105,0.6176982851018221,197.28679078014184,32.0,1
US-HI,61.8125,167.0,2.7017189079878667,105.1875,1.7017189079878667,0.6298652694610778,45.432180851063826,32.0,1
US-ID,109.45833333333333,310.0,2.832127902550438,200.54166666666669,1.8321279025504378,0.6469086021505377,519.6152482269504,32.0,1
US-IL,102.66666666666667,312.0,3.038961038961039,209.33333333333331,2.038961038961039,0.670940170940171,616.822695035461,32.0,1
US-IN,111.0,313.0,2.81981981981982,202.0,1.8198198198198199,0.645367412140575,436.3404255319149,32.0,1
US-IA,90.95833333333333,294.0,3.2322491983508934,203.04166666666669,2.2322491983508934,0.6906179138321995,586.4237588652483,32.0,1
US-KS,119.0625,334.0,2.805249343832021,214.9375,1.805249343832021,0.6435254491017964,543.5917553191489,32.0,1
US-KY,102.85416666666667,297.0,2.887583552764837,194.14583333333331,1.8875835527648368,0.6536896745230079,277.2761524822695,32.0,1
US-LA,153.35416666666666,360.0,2.3475071321831273,206.64583333333334,1.3475071321831273,0.5740162037037038,254.9570035460993,32.0,1
US-ME,102.27083333333333,310.0,3.031167243837849,207.72916666666669,2.031167243837849,0.6700940860215054,878.1591312056737,32.0,1
US-MD,112.83333333333333,324.0,2.8714918759231907,211.16666666666669,1.8714918759231907,0.6517489711934157,248.31205673758865,32.0,1
US-MA,110.3125,354.0,3.2090651558073655,243.6875,2.2090651558073655,0.688382768361582,466.2619680851064,32.0,1
US-MI,101.35416666666667,305.0,3.0092497430626928,203.64583333333331,2.0092497430626928,0.667691256830601,788.3612588652483,32.0,1
US-MN,89.6875,314.0,3.5010452961672476,224.3125,2.5010452961672476,0.7143710191082803,1022.5172872340426,32.0,1
US-MS,142.125,319.0,2.2445030782761655,176.875,1.2445030782761655,0.5544670846394985,197.89893617021278,32.0,1
US-MO,111.25,317.0,2.849438202247191,205.75,1.8494382022471911,0.6490536277602523,421.0851063829787,32.0,1
US-MT,104.47916666666667,306.0,2.928813559322034,201.52083333333331,1.928813559322034,0.6585648148148149,1053.0633865248226,32.0,1
US-NE,97.08333333333333,322.0,3.316738197424893,224.91666666666669,2.316738197424893,0.6984989648033126,677.1418439716313,32.0,1
US-NV,132.16666666666666,347.0,2.62547288776797,214.83333333333334,1.62547288776797,0.6191162343900096,433.3758865248227,32.0,1
US-NH,92.70833333333333,285.0,3.0741573033707867,192.29166666666669,2.0741573033707867,0.6747076023391814,686.7216312056737,32.0,1
US-NJ,128.125,349.0,2.7239024390243904,220.875,1.7239024390243904,0.6328796561604584,498.8351063829787,32.0,1
US-NM,132.0625,369.0,2.794131566493138,236.9375,1.7941315664931379,0.6421070460704608,312.48537234042556,32.0,1
US-NY,109.3125,320.0,2.9273870783304745,210.6875,1.9273870783304745,0.6583984375,507.96409574468083,32.0,1
US-NC,120.47916666666667,340.0,2.822064672315407,219.52083333333331,1.822064672315407,0.6456495098039216,204.46764184397162,32.0,1
US-ND,102.875,301.0,2.92588092345079,198.125,1.9258809234507899,0.6582225913621262,1733.0478723404256,32.0,1
US-OH,104.58333333333333,318.0,3.0406374501992035,213.41666666666669,2.0406374501992035,0.6711215932914046,515.354609929078,32.0,1
US-OK,116.8125,348.0,2.9791332263242376,231.1875,1.9791332263242376,0.6643318965517242,279.2619680851064,32.0,1
US-OR,127.04166666666667,357.0,2.810101672679567,229.95833333333331,1.8101016726795671,0.644140989729225,333.7429078014184,32.0,1
US-PA,95.29166666666667,286.0,3.0013117621337995,190.70833333333331,2.0013117621337995,0.6668123543123543,367.0195035460993,32.0,1
US-RI,100.89583333333333,309.0,3.0625645261201737,208.10416666666669,2.0625645261201737,0.6734762675296656,245.83998226950354,32.0,1
US-SC,123.35416666666667,300.0,2.432021617969937,176.64583333333331,1.4320216179699372,0.5888194444444445,172.0633865248227,32.0,1
US-SD,95.66666666666667,320.0,3.3449477351916377,224.33333333333331,2.3449477351916377,0.7010416666666667,931.2907801418439,32.0,1
US-TN,106.83333333333333,302.0,2.826833073322933,195.16666666666669,1.8268330733229332,0.6462472406181016,268.73758865248226,32.0,1
US-TX,168.72916666666666,486.0,2.880355599456723,317.27083333333337,1.8803555994567231,0.6528206447187929,444.7548758865248,32.0,1
US-UT,121.08333333333333,334.0,2.7584308327598075,212.91666666666669,1.7584308327598075,0.6374750499001995,561.1843971631206,32.0,1
US-VT,84.83333333333333,276.0,3.2534381139489197,191.16666666666669,2.2534381139489197,0.692632850241546,690.822695035461,32.0,1
US-VA,114.02083333333333,326.0,2.8591266215969307,211.97916666666669,1.8591266215969307,0.6502428425357873,240.44636524822695,32.0,1
US-WA,128.875,356.0,2.7623666343355966,227.125,1.7623666343355966,0.6379915730337078,234.62234042553192,32.0,1
US-WV,92.125,264.0,2.8656716417910446,171.875,1.8656716417910446,0.6510416666666667,373.0904255319149,32.0,1
US-WI,101.25,319.0,3.1506172839506172,217.75,2.1506172839506172,0.682601880877743,972.3617021276596,32.0,1
US-WY,91.20833333333333,284.0,3.1137505710370035,192.79166666666669,2.1137505710370035,0.678843896713615,899.104609929078,32.0,1
US-AL,170.22916666666666,376.0,2.2087871741524907,205.77083333333334,1.2087871741524907,0.5472628546099292,497.83998226950354,128.0,1
US-AK,158.83333333333334,403.0,2.5372507869884573,244.16666666666666,1.5372507869884573,0.6058726220016543,1932.7375886524824,128.0,1
US-AZ,226.8125,474.0,2.0898319096169744,247.1875,1.0898319096169744,0.5214926160337553,262.8789893617021,128.0,1
US-AR,154.9375,380.0,2.4526018555869302,225.0625,1.4526018555869302,0.5922697368421053,449.719414893617,128.0,1
US-CA,250.33333333333334,559.0,2.233022636484687,308.66666666666663,1.2330226364846868,0.5521765056648777,159.97163120567376,128.0,1
US-CO,171.08333333333334,436.0,2.5484656600097417,264.91666666666663,1.5484656600097417,0.6076070336391437,1504.2056737588653,128.0,1
US-CT,143.54166666666666,364.0,2.535849056603774,220.45833333333334,1.535849056603774,0.6056547619047619,408.5514184397163,128.0,1
US-DE,166.5625,376.0,2.2574108818011256,209.4375,1.2574108818011256,0.5570146276595744,578.123670212766,128.0,1
US-FL,192.58333333333334,455.0,2.362613587191692,262.41666666666663,1.3626135871916918,0.5767399267399267,439.31205673758865,128.0,1
US-GA,169.0625,376.0,2.2240295748613677,206.9375,1.2240295748613677,0.5503656914893618,261.16622340425533,128.0,1
US-HI,92.75,204.0,2.1994609164420487,111.25,1.1994609164420487,0.545343137254902,82.82978723404256,128.0,1
US-ID,160.47916666666666,368.0,2.2931325457613916,207.52083333333334,1.2931325457613916,0.5639153079710145,969.574024822695,128.0,1
US-IL,146.60416666666666,359.0,2.448770783004121,212.39583333333334,1.4487707830041212,0.5916318477251625,930.3718971631206,128.0,1
US-IN,150.64583333333334,356.0,2.363158622597151,205.35416666666666,1.363158622597151,0.5768375468164794,806.105939716312,128.0,1
US-IA,130.29166666666666,349.0,2.678605692356892,218.70833333333334,1.678605692356892,0.6266714422158548,940.2535460992908,128.0,1
US-KS,163.16666666666666,394.0,2.414708886618999,230.83333333333334,1.4147088866189992,0.5858714043993232,1008.1843971631206,128.0,1
US-KY,137.10416666666666,338.0,2.465278833004103,200.89583333333334,1.465278833004103,0.5943663708086786,480.010195035461,128.0,1
US-LA,206.04166666666666,402.0,1.951061678463094,195.95833333333334,0.9510616784630941,0.48745854063018246,387.87056737588654,128.0,1
US-ME,149.89583333333334,362.0,2.41501042390549,212.10416666666666,1.41501042390549,0.5859231123388582,1744.1804078014184,128.0,1
US-MD,161.02083333333334,388.0,2.409626083581317,226.97916666666666,1.4096260835813168,0.584997852233677,463.04210992907804,128.0,1
US-MA,162.29166666666666,408.0,2.5139922978177154,245.70833333333334,1.5139922978177154,0.6022263071895425,708.2109929078014,128.0,1
US-MI,147.0,364.0,2.4761904761904763,217.0,1.4761904761904763,0.5961538461538461,1402.8085106382978,128.0,1
US-MN,135.77083333333334,354.0,2.6073346631885834,218.22916666666666,1.6073346631885834,0.616466572504708,1846.7761524822695,128.0,1
US-MS,187.3125,352.0,1.8792125458792126,164.6875,0.8792125458792126,0.46786221590909094,389.0704787234043,128.0,1
US-MO,151.04166666666666,365.0,2.416551724137931,213.95833333333334,1.416551724137931,0.5861872146118722,881.4450354609929,128.0,1
US-MT,152.41666666666666,361.0,2.368507381082559,208.58333333333334,1.368507381082559,0.5777931671283472,2191.5248226950353,128.0,1
US-NE,138.16666666666666,371.0,2.6851628468033777,232.83333333333334,1.6851628468033777,0.6275831087151842,1261.1205673758866,128.0,1
US-NV,190.10416666666666,398.0,2.0935890410958904,207.89583333333334,1.0935890410958904,0.5223513400335009,660.9463652482269,128.0,1
US-NH,136.10416666666666,345.0,2.534823205265575,208.89583333333334,1.534823205265575,0.6054951690821256,1114.0953014184397,128.0,1
US-NJ,175.91666666666666,404.0,2.296541923259119,228.08333333333334,1.2965419232591189,0.5645627062706271,583.3971631205674,128.0,1
US-NM,199.3125,451.0,2.262778300407651,251.6875,1.2627783004076512,0.5580654101995566,735.7087765957447,128.0,1
US-NY,161.125,381.0,2.3646237393328162,219.875,1.3646237393328162,0.5770997375328084,862.8776595744681,128.0,1
US-NC,175.83333333333334,405.0,2.3033175355450237,229.16666666666666,1.3033175355450237,0.5658436213991769,295.41843971631204,128.0,1
US-ND,141.04166666666666,342.0,2.4248153618906945,200.95833333333334,1.4248153618906945,0.5875974658869396,2745.7854609929077,128.0,1
US-OH,147.375,359.0,2.4359626802374894,211.625,1.4359626802374894,0.5894846796657381,832.9627659574468,128.0,1
US-OK,166.33333333333334,387.0,2.3266533066132262,220.66666666666666,1.3266533066132262,0.570198105081826,582.822695035461,128.0,1
US-OR,190.47916666666666,424.0,2.2259652192934487,233.52083333333334,1.2259652192934487,0.5507566823899371,587.8293439716313,128.0,1
US-PA,135.35416666666666,363.0,2.681853162998307,227.64583333333334,1.6818531629983071,0.627123507805326,557.6804078014185,128.0,1
US-RI,143.41666666666666,347.0,2.4195235328297504,203.58333333333334,1.4195235328297504,0.5866954851104706,348.7163120567376,128.0,1
US-SC,175.75,361.0,2.054054054054054,185.25,1.054054054054054,0.513157894736842,224.61702127659575,128.0,1
US-SD,141.8125,362.0,2.5526663728514762,220.1875,1.5526663728514762,0.6082527624309393,1885.4321808510638,128.0,1
US-TN,147.1875,357.0,2.4254777070063693,209.8125,1.4254777070063693,0.5877100840336135,482.41090425531917,128.0,1
US-TX,259.5,575.0,2.2157996146435455,315.5,1.2157996146435455,0.548695652173913,670.468085106383,128.0,1
US-UT,178.66666666666666,382.0,2.1380597014925375,203.33333333333334,1.1380597014925375,0.5322862129144852,898.0992907801418,128.0,1
US-VT,121.16666666666667,325.0,2.6822558459422283,203.83333333333331,1.6822558459422283,0.6271794871794871,1014.7375886524823,128.0,1
US-VA,162.95833333333334,396.0,2.4300690360521604,233.04166666666666,1.4300690360521604,0.5884890572390572,367.82801418439715,128.0,1
US-WA,187.0,413.0,2.2085561497326203,226.0,1.2085561497326203,0.5472154963680387,565.1063829787234,128.0,1
US-WV,127.375,310.0,2.433758586849853,182.625,1.4337585868498528,0.5891129032258065,458.11170212765956,128.0,1
US-WI,145.8125,373.0,2.5580797256750962,227.1875,1.5580797256750962,0.6090817694369973,1559.0492021276596,128.0,1
US-WY,134.25,331.0,2.4655493482309123,196.75,1.4655493482309123,0.5944108761329305,1746.1063829787233,128.0,1
US-AL,211.70833333333334,416.0,1.9649675260775437,204.29166666666666,0.9649675260775437,0.4910857371794871,670.5939716312057,512.0,1
US-AK,205.83333333333334,457.0,2.220242914979757,251.16666666666666,1.2202429149797571,0.549598832968636,2602.4397163120566,512.0,1
US-AZ,288.9583333333333,517.0,1.7891852919971163,228.04166666666669,0.7891852919971163,0.44108639587362997,221.35992907801418,512.0,1
US-AR,203.52083333333334,409.0,2.0096222745419183,205.47916666666666,1.0096222745419183,0.5023940505297473,732.2123226950355,512.0,1
US-CA,333.6458333333333,647.0,1.9391820168591947,313.3541666666667,0.9391820168591947,0.4843186501803195,315.89317375886526,512.0,1
US-CO,223.85416666666666,471.0,2.1040483946021404,247.14583333333334,1.1040483946021404,0.5247257607926398,2059.8293439716313,512.0,1
US-CT,183.89583333333334,408.0,2.2186473320493936,224.10416666666666,1.2186473320493936,0.5492749183006536,459.96764184397165,512.0,1
US-DE,200.89583333333334,404.0,2.0109924297417816,203.10416666666666,1.0109924297417816,0.5027330858085808,680.9889184397163,512.0,1
US-FL,250.1875,531.0,2.122408193854609,280.8125,1.1224081938546089,0.528837099811676,762.9215425531914,512.0,1
US-GA,211.33333333333334,410.0,1.9400630914826498,198.66666666666666,0.9400630914826498,0.48455284552845523,348.2269503546099,512.0,1
US-HI,119.20833333333333,245.0,2.0552254456483747,125.79166666666667,1.0552254456483747,0.5134353741496599,162.8918439716312,512.0,1
US-ID,203.5625,405.0,1.9895609456555112,201.4375,0.9895609456555112,0.49737654320987656,1103.400265957447,512.0,1
US-IL,186.47916666666666,403.0,2.1610993185118983,216.52083333333334,1.1610993185118983,0.5372725392886684,1349.3612588652481,512.0,1
US-IN,185.83333333333334,379.0,2.0394618834080718,193.16666666666666,1.0394618834080718,0.509674582233949,1161.290780141844,512.0,1
US-IA,166.79166666666666,384.0,2.3022732950287286,217.20833333333334,1.3022732950287286,0.5656467013888888,1368.9343971631206,512.0,1
US-KS,200.77083333333334,432.0,2.1517069627477428,231.22916666666666,1.1517069627477428,0.5352527006172839,1598.7761524822695,512.0,1
US-KY,172.41666666666666,373.0,2.163363943934268,200.58333333333334,1.163363943934268,0.5377569258266309,662.886524822695,512.0,1
US-LA,248.97916666666666,435.0,1.7471341310350599,186.02083333333334,0.7471341310350599,0.4276340996168583,726.1484929078014,512.0,1
US-ME,193.33333333333334,404.0,2.089655172413793,210.66666666666666,1.089655172413793,0.5214521452145214,2302.9929078014184,512.0,1
US-MD,206.625,413.0,1.998790078644888,206.375,0.998790078644888,0.4996973365617433,647.3457446808511,512.0,1
US-MA,217.39583333333334,470.0,2.161954959271682,252.60416666666666,1.1619549592716818,0.5374556737588652,946.9250886524823,512.0,1
US-MI,189.4375,393.0,2.0745628505443747,203.5625,1.0745628505443747,0.517970737913486,1917.6130319148936,512.0,1
US-MN,177.35416666666666,390.0,2.198989780335957,212.64583333333334,1.1989897803359568,0.5452457264957264,2351.5953014184397,512.0,1
US-MS,219.41666666666666,385.0,1.7546524876566654,165.58333333333334,0.7546524876566654,0.4300865800865801,478.3758865248227,512.0,1
US-MO,187.77083333333334,397.0,2.114279374237213,209.22916666666666,1.114279374237213,0.5270256087321579,1168.5208333333333,512.0,1
US-MT,190.70833333333334,402.0,2.107930959143544,211.29166666666666,1.1079309591435438,0.5256011608623549,2590.97695035461,512.0,1
US-NE,177.54166666666666,409.0,2.303684581084253,231.45833333333334,1.3036845810842528,0.5659127954360228,2099.2748226950353,512.0,1
US-NV,237.0,449.0,1.8945147679324894,212.0,0.8945147679324894,0.4721603563474388,855.7446808510638,512.0,1
US-NH,179.35416666666666,389.0,2.1688930189336744,209.64583333333334,1.1688930189336744,0.5389353041988003,1376.3187056737588,512.0,1
US-NJ,222.25,437.0,1.966254218222722,214.75,0.9662542182227221,0.49141876430205955,838.2340425531914,512.0,1
US-NM,255.77083333333334,504.0,1.9705139692107192,248.22916666666666,0.9705139692107192,0.4925181878306878,972.0527482269504,512.0,1
US-NY,210.20833333333334,446.0,2.121704658077304,235.79166666666666,1.121704658077304,0.5286808669656203,1113.700354609929,512.0,1
US-NC,227.85416666666666,442.0,1.9398372497028435,214.14583333333334,0.9398372497028435,0.4844928355957768,437.31870567375887,512.0,1
US-ND,167.35416666666666,365.0,2.181003361135317,197.64583333333334,1.1810033611353168,0.5414954337899544,3492.361258865248,512.0,1
US-OH,185.70833333333334,396.0,2.1323760376935157,210.29166666666666,1.1323760376935157,0.5310395622895623,1085.0195035460993,512.0,1
US-OK,207.3125,420.0,2.0259270425082905,212.6875,1.0259270425082905,0.5063988095238094,944.1343085106383,512.0,1
US-OR,244.39583333333334,476.0,1.9476600460318814,231.60416666666666,0.9476600460318814,0.48656337535014005,922.7123226950355,512.0,1
US-PA,176.14583333333334,405.0,2.299231224127735,228.85416666666666,1.2992312241277348,0.5650720164609053,837.4038120567376,512.0,1
US-RI,176.72916666666666,375.0,2.1218908405045385,198.27083333333334,1.1218908405045385,0.5287222222222223,475.35062056737587,512.0,1
US-SC,216.125,413.0,1.9109311740890689,196.875,0.9109311740890689,0.47669491525423724,295.77127659574467,512.0,1
US-SD,182.33333333333334,390.0,2.1389396709323583,207.66666666666666,1.1389396709323583,0.5324786324786325,2923.078014184397,512.0,1
US-TN,186.20833333333334,398.0,2.1373909151935555,211.79166666666666,1.1373909151935555,0.5321398659966499,810.2960992907801,512.0,1
US-TX,336.1041666666667,625.0,1.859542552532077,288.8958333333333,0.859542552532077,0.4622333333333333,600.137854609929,512.0,1
US-UT,225.52083333333334,416.0,1.8446189376443418,190.47916666666666,0.8446189376443418,0.4578826121794871,913.6165780141844,512.0,1
US-VT,157.95833333333334,365.0,2.310735953574255,207.04166666666666,1.3107359535742549,0.5672374429223743,1382.8918439716313,512.0,1
US-VA,207.875,446.0,2.1455201443174987,238.125,1.1455201443174987,0.5339125560538116,494.57978723404256,512.0,1
US-WA,237.625,459.0,1.9316149395055233,221.375,0.9316149395055233,0.4822984749455338,891.813829787234,512.0,1
US-WV,164.0625,341.0,2.0784761904761906,176.9375,1.0784761904761906,0.5188782991202345,748.4853723404256,512.0,1
US-WI,188.64583333333334,427.0,2.263500828271673,238.35416666666666,1.263500828271673,0.5582064793130367,2013.4676418439717,512.0,1
US-WY,167.27083333333334,356.0,2.128284966994644,188.72916666666666,1.1282849669946442,0.5301381086142322,2664.286790780142,512.0,1
US-AL,241.72916666666666,437.0,1.8078083254330777,195.27083333333334,0.8078083254330777,0.44684401220442416,927.9038120567376,2048.0,1
US-AK,243.02083333333334,493.0,2.02863266180883,249.97916666666666,1.02863266180883,0.5070571331981069,3330.488918439716,2048.0,1
US-AZ,338.0208333333333,539.0,1.5945762711864409,200.97916666666669,0.5945762711864409,0.372874149659864,245.5953014184397,2048.0,1
US-AR,242.72916666666666,413.0,1.7014848510857439,170.27083333333334,0.7014848510857439,0.41227804681194513,724.4995567375887,2048.0,1
US-CA,404.5208333333333,671.0,1.6587526394396663,266.4791666666667,0.6587526394396663,0.39713735717834087,412.04210992907804,2048.0,1
US-CO,270.25,492.0,1.820536540240518,221.75,0.820536540240518,0.4507113821138211,2666.7021276595747,2048.0,1
US-CT,217.41666666666666,428.0,1.9685703334610962,210.58333333333334,0.9685703334610962,0.49201713395638635,656.2056737588653,2048.0,1
US-DE,222.875,414.0,1.857543466068424,191.125,0.857543466068424,0.4616545893719807,673.1329787234042,2048.0,1
US-FL,303.9166666666667,562.0,1.8491911159857415,258.0833333333333,0.8491911159857415,0.4592230130486358,1144.2482269503546,2048.0,1
US-GA,244.22916666666666,420.0,1.7196963234666895,175.77083333333334,0.7196963234666895,0.41850198412698414,330.6484929078014,2048.0,1
US-HI,137.10416666666666,268.0,1.9547181279440815,130.89583333333334,0.9547181279440815,0.488417288557214,252.26551418439718,2048.0,1
US-ID,231.16666666666666,424.0,1.8341744772891133,192.83333333333334,0.8341744772891133,0.4547955974842768,1131.8014184397164,2048.0,1
US-IL,220.375,419.0,1.9013045944412932,198.625,0.9013045944412932,0.4740453460620525,1700.6648936170213,2048.0,1
US-IN,212.5,400.0,1.8823529411764706,187.5,0.8823529411764706,0.46875,1413.4468085106382,2048.0,1
US-IA,192.64583333333334,397.0,2.0607764680436897,204.35416666666666,1.0607764680436897,0.5147460117548279,1892.1910460992908,2048.0,1
US-KS,231.10416666666666,449.0,1.9428468403497703,217.89583333333334,0.9428468403497703,0.4852913882702302,1971.7123226950355,2048.0,1
US-KY,200.25,380.0,1.8976279650436954,179.75,0.8976279650436954,0.47302631578947374,900.531914893617,2048.0,1
US-LA,277.2916666666667,451.0,1.6264462809917355,173.70833333333331,0.6264462809917355,0.38516260162601623,1064.4237588652481,2048.0,1
US-ME,226.125,423.0,1.8706467661691542,196.875,0.8706467661691542,0.46542553191489366,2438.75,2048.0,1
US-MD,246.52083333333334,433.0,1.756443843488549,186.47916666666666,0.756443843488549,0.43066782140107773,682.5527482269504,2048.0,1
US-MA,264.5416666666667,487.0,1.8409198298944713,222.45833333333331,0.8409198298944713,0.4567932922655715,1181.7854609929077,2048.0,1
US-MI,223.72916666666666,413.0,1.8459819350032591,189.27083333333334,0.8459819350032591,0.4582828894269573,2365.6484929078015,2048.0,1
US-MN,210.0,410.0,1.9523809523809523,200.0,0.9523809523809523,0.4878048780487805,2764.8936170212764,2048.0,1
US-MS,237.14583333333334,402.0,1.6951594483000965,164.85416666666666,0.6951594483000965,0.41008499170812607,615.2335992907801,2048.0,1
US-MO,216.5,407.0,1.879907621247113,190.5,0.8799076212471131,0.4680589680589681,1327.872340425532,2048.0,1
US-MT,219.83333333333334,416.0,1.8923426838514026,196.16666666666666,0.8923426838514026,0.4715544871794871,3220.7375886524824,2048.0,1
US-NE,204.04166666666666,425.0,2.0829079027976314,220.95833333333334,1.0829079027976314,0.5199019607843137,2538.97695035461,2048.0,1
US-NV,268.25,468.0,1.7446411929170549,199.75,0.7446411929170549,0.42681623931623935,1103.0851063829787,2048.0,1
US-NH,213.5,397.0,1.8594847775175645,183.5,0.8594847775175645,0.4622166246851386,1577.8297872340424,2048.0,1
US-NJ,259.5,458.0,1.764932562620424,198.5,0.764932562620424,0.4334061135371179,801.6170212765958,2048.0,1
US-NM,301.2916666666667,534.0,1.7723689669478633,232.70833333333331,0.7723689669478633,0.4357833957553058,1168.3386524822695,2048.0,1
US-NY,250.72916666666666,465.0,1.8545907769007064,214.27083333333334,0.8545907769007064,0.4607974910394266,1264.1591312056737,2048.0,1
US-NC,271.5625,470.0,1.7307249712313004,198.4375,0.7307249712313004,0.42220744680851063,431.78324468085106,2048.0,1
US-ND,183.0,382.0,2.087431693989071,199.0,1.0874316939890711,0.5209424083769634,4172.297872340426,2048.0,1
US-OH,219.95833333333334,409.0,1.8594430763402159,189.04166666666666,0.8594430763402159,0.4622045639771801,1310.5939716312057,2048.0,1
US-OK,235.95833333333334,439.0,1.8604979692742363,203.04166666666666,0.8604979692742363,0.4625094912680334,1148.2109929078015,2048.0,1
US-OR,288.6666666666667,511.0,1.7702078521939952,222.33333333333331,0.7702078521939952,0.4350945857795172,813.886524822695,2048.0,1
US-PA,211.10416666666666,423.0,2.003750123359321,211.89583333333334,1.0037501233593211,0.5009357762017337,1014.4357269503546,2048.0,1
US-RI,197.66666666666666,389.0,1.9679595278246207,191.33333333333334,0.9679595278246207,0.49185946872322195,704.7375886524823,2048.0,1
US-SC,247.85416666666666,427.0,1.7227872572917542,179.14583333333334,0.7227872572917542,0.4195452771272443,404.42508865248226,2048.0,1
US-SD,206.0,401.0,1.9466019417475728,195.0,0.9466019417475728,0.486284289276808,3523.7021276595747,2048.0,1
US-TN,221.47916666666666,411.0,1.8557050136393567,189.52083333333334,0.8557050136393567,0.46112124898621254,901.0208333333334,2048.0,1
US-TX,403.1041666666667,646.0,1.6025634399710578,242.89583333333331,0.6025634399710578,0.375999742002064,573.5846631205674,2048.0,1
US-UT,260.625,452.0,1.7342925659472421,191.375,0.7342925659472421,0.42339601769911506,938.4095744680851,2048.0,1
US-VT,189.54166666666666,380.0,2.004836227742361,190.45833333333334,1.004836227742361,0.5012061403508772,1586.5939716312057,2048.0,1
US-VA,247.85416666666666,469.0,1.8922417416155335,221.14583333333334,0.8922417416155335,0.4715262970859986,518.3399822695036,2048.0,1
US-WA,280.7708333333333,488.0,1.7380722712769905,207.22916666666669,0.7380722712769905,0.4246499316939891,982.0527482269504,2048.0,1
US-WV,193.6875,358.0,1.8483381736043885,164.3125,0.8483381736043885,0.45897346368715086,1034.2619680851064,2048.0,1
US-WI,224.9375,444.0,1.9738816337871632,219.0625,0.9738816337871632,0.49338400900900903,2306.0172872340427,2048.0,1
US-WY,188.75,380.0,2.013245033112583,191.25,1.0132450331125828,0.5032894736842105,3640.659574468085,2048.0,1
US-AL,26.3125,206.0,7.828978622327791,179.6875,6.828978622327791,0.8722694174757282,51.28324468085106,2.0,2
US-AK,17.645833333333332,182.0,10.31404958677686,164.35416666666666,9.31404958677686,0.9030448717948718,48.999556737588655,2.0,2
US-AZ,29.083333333333332,239.0,8.217765042979943,209.91666666666666,7.217765042979943,0.8783124128312413,23.907801418439718,2.0,2
US-AR,29.979166666666668,202.0,6.738012508686587,172.02083333333334,5.738012508686587,0.8515882838283828,38.10593971631206,2.0,2
US-CA,32.270833333333336,266.0,8.242737249838605,233.72916666666666,7.242737249838605,0.8786810776942355,19.69104609929078,2.0,2
US-CO,21.333333333333332,194.0,9.09375,172.66666666666666,8.09375,0.8900343642611683,34.90780141843972,2.0,2
US-CT,24.479166666666668,178.0,7.271489361702128,153.52083333333334,6.271489361702128,0.8624765917602997,60.425088652482266,2.0,2
US-DE,33.083333333333336,219.0,6.619647355163727,185.91666666666666,5.619647355163727,0.8489345509893456,80.20567375886525,2.0,2
US-FL,29.4375,212.0,7.201698513800425,182.5625,6.201698513800425,0.8611438679245282,33.868351063829785,2.0,2
US-GA,27.875,204.0,7.318385650224215,176.125,6.318385650224215,0.8633578431372549,26.45212765957447,2.0,2
US-HI,11.895833333333334,85.0,7.145359019264448,73.10416666666667,6.145359019264448,0.8600490196078432,9.41445035460993,2.0,2
US-ID,20.270833333333332,196.0,9.66906474820144,175.72916666666666,8.66906474820144,0.8965773809523809,30.75487588652482,2.0,2
US-IL,24.104166666666668,188.0,7.799481417458945,163.89583333333334,6.799481417458945,0.8717863475177305,60.69104609929078,2.0,2
US-IN,30.395833333333332,198.0,6.514050719671007,167.60416666666666,5.514050719671007,0.8464856902356902,64.83998226950355,2.0,2
US-IA,23.5625,179.0,7.596816976127321,155.4375,6.596816976127321,0.8683659217877095,52.6343085106383,2.0,2
US-KS,27.666666666666668,215.0,7.771084337349397,187.33333333333334,6.771084337349397,0.8713178294573644,45.54609929078014,2.0,2
US-KY,27.333333333333332,188.0,6.878048780487805,160.66666666666666,5.878048780487805,0.8546099290780143,74.52482269503547,2.0,2
US-LA,38.645833333333336,248.0,6.417250673854447,209.35416666666666,5.417250673854447,0.8441700268817204,32.914450354609926,2.0,2
US-ME,22.8125,181.0,7.934246575342466,158.1875,6.934246575342466,0.87396408839779,52.5811170212766,2.0,2
US-MD,28.395833333333332,196.0,6.902421129860602,167.60416666666666,5.902421129860602,0.8551232993197279,41.13785460992908,2.0,2
US-MA,25.645833333333332,198.0,7.720552396425671,172.35416666666666,6.720552396425671,0.8704755892255892,50.446365248226954,2.0,2
US-MI,23.291666666666668,187.0,8.028622540250447,163.70833333333334,7.028622540250447,0.875445632798574,70.8918439716312,2.0,2
US-MN,18.125,181.0,9.986206896551725,162.875,8.986206896551725,0.8998618784530387,63.17553191489362,2.0,2
US-MS,33.333333333333336,225.0,6.749999999999999,191.66666666666666,5.749999999999999,0.8518518518518519,24.43971631205674,2.0,2
US-MO,27.8125,198.0,7.119101123595506,170.1875,6.119101123595506,0.8595328282828283,59.049202127659576,2.0,2
US-MT,20.333333333333332,198.0,9.737704918032787,177.66666666666666,8.737704918032787,0.8973063973063973,38.01418439716312,2.0,2
US-NE,23.270833333333332,186.0,7.992837958818264,162.72916666666666,6.992837958818264,0.8748879928315412,56.329343971631204,2.0,2
US-NV,24.104166666666668,212.0,8.795159896283492,187.89583333333334,7.795159896283492,0.8863011006289309,36.350620567375884,2.0,2
US-NH,21.541666666666668,180.0,8.355899419729207,158.45833333333334,7.355899419729207,0.8803240740740741,71.31737588652483,2.0,2
US-NJ,32.0,223.0,6.96875,191.0,5.96875,0.8565022421524664,62.38297872340426,2.0,2
US-NM,24.666666666666668,227.0,9.202702702702702,202.33333333333334,8.202702702702702,0.8913362701908958,20.865248226950353,2.0,2
US-NY,24.708333333333332,195.0,7.892074198988196,170.29166666666666,6.892074198988196,0.8732905982905983,48.38120567375886,2.0,2
US-NC,27.895833333333332,212.0,7.599701269604182,184.10416666666666,6.599701269604182,0.8684158805031447,21.24423758865248,2.0,2
US-ND,21.979166666666668,207.0,9.418009478672985,185.02083333333334,8.418009478672985,0.8938204508856683,119.33998226950355,2.0,2
US-OH,27.625,187.0,6.769230769230769,159.375,5.769230769230769,0.8522727272727273,56.28191489361702,2.0,2
US-OK,27.104166666666668,212.0,7.821675634127594,184.89583333333334,6.821675634127594,0.8721501572327044,25.797429078014183,2.0,2
US-OR,24.520833333333332,211.0,8.604927782497876,186.47916666666666,7.604927782497876,0.8837875197472354,22.765514184397162,2.0,2
US-PA,23.270833333333332,177.0,7.606087735004476,153.72916666666666,6.606087735004476,0.8685263653483992,55.5633865248227,2.0,2
US-RI,24.354166666666668,183.0,7.514114627887083,158.64583333333334,6.514114627887083,0.8669171220400729,32.19104609929078,2.0,2
US-SC,26.75,204.0,7.626168224299065,177.25,6.626168224299065,0.8688725490196079,31.29787234042553,2.0,2
US-SD,18.041666666666668,196.0,10.863741339491916,177.95833333333334,9.863741339491916,0.9079506802721088,47.18971631205674,2.0,2
US-TN,29.375,185.0,6.297872340425532,155.625,5.297872340425532,0.8412162162162162,42.15425531914894,2.0,2
US-TX,31.229166666666668,300.0,9.606404269513009,268.7708333333333,8.606404269513009,0.8959027777777777,34.64849290780142,2.0,2
US-UT,22.9375,205.0,8.93732970027248,182.0625,7.93732970027248,0.8881097560975609,32.825797872340424,2.0,2
US-VT,18.104166666666668,149.0,8.230149597238205,130.89583333333334,7.230149597238205,0.8784955257270693,48.903812056737586,2.0,2
US-VA,27.6875,207.0,7.476297968397291,179.3125,6.476297968397291,0.866243961352657,40.81515957446808,2.0,2
US-WA,25.145833333333332,210.0,8.351284175642089,184.85416666666666,7.351284175642089,0.8802579365079365,21.95700354609929,2.0,2
US-WV,24.604166666666668,165.0,6.706181202370872,140.39583333333334,5.706181202370872,0.8508838383838384,49.81870567375886,2.0,2
US-WI,24.0,190.0,7.916666666666667,166.0,6.916666666666667,0.8736842105263158,78.38297872340425,2.0,2
US-WY,16.729166666666668,170.0,10.161892901618929,153.27083333333334,9.161892901618929,0.901593137254902,48.457003546099294,2.0,2
US-AL,68.60416666666667,278.0,4.052232007288187,209.39583333333331,3.052232007288187,0.7532224220623501,147.5633865248227,8.0,2
US-AK,53.9375,261.0,4.838933951332561,207.0625,3.838933951332561,0.7933429118773947,245.9747340425532,8.0,2
US-AZ,79.14583333333333,325.0,4.106343774677547,245.85416666666669,3.106343774677547,0.756474358974359,58.042109929078016,8.0,2
US-AR,66.64583333333333,267.0,4.006251953735543,200.35416666666669,3.0062519537355428,0.7503901373283396,107.46764184397163,8.0,2
US-CA,88.79166666666667,351.0,3.9530736743312995,262.2083333333333,2.9530736743312995,0.7470322886989553,53.955673758865245,8.0,2
US-CO,59.645833333333336,284.0,4.761439049947607,224.35416666666666,3.761439049947607,0.7899794600938967,169.55274822695034,8.0,2
US-CT,56.333333333333336,246.0,4.366863905325443,189.66666666666666,3.3668639053254434,0.7710027100271003,153.41843971631207,8.0,2
US-DE,75.70833333333333,278.0,3.6719867914144197,202.29166666666669,2.6719867914144197,0.727667865707434,238.4663120567376,8.0,2
US-FL,75.16666666666667,294.0,3.9113082039911307,218.83333333333331,2.9113082039911307,0.7443310657596371,109.33333333333333,8.0,2
US-GA,68.0,262.0,3.8529411764705883,194.0,2.8529411764705883,0.7404580152671756,90.42553191489361,8.0,2
US-HI,32.625,128.0,3.9233716475095783,95.375,2.9233716475095783,0.7451171875,25.81382978723404,8.0,2
US-ID,56.166666666666664,255.0,4.540059347181009,198.83333333333334,3.5400593471810087,0.7797385620915033,137.24822695035462,8.0,2
US-IL,58.479166666666664,255.0,4.360527253295333,196.52083333333334,3.3605272532953334,0.7706699346405229,271.9570035460993,8.0,2
US-IN,66.5,265.0,3.9849624060150375,198.5,2.9849624060150375,0.7490566037735849,215.06382978723406,8.0,2
US-IA,53.375,250.0,4.68384074941452,196.625,3.6838407494145198,0.7865,249.1755319148936,8.0,2
US-KS,69.39583333333333,276.0,3.9771840288201745,206.60416666666669,2.9771840288201745,0.7485658212560387,223.30806737588654,8.0,2
US-KY,62.604166666666664,237.0,3.7856905158069885,174.39583333333334,2.7856905158069885,0.7358473980309423,196.92508865248226,8.0,2
US-LA,91.08333333333333,314.0,3.4473924977127175,222.91666666666669,2.4473924977127175,0.7099256900212314,93.822695035461,8.0,2
US-ME,56.041666666666664,261.0,4.657249070631971,204.95833333333334,3.6572490706319707,0.7852809706257982,303.3599290780142,8.0,2
US-MD,66.33333333333333,260.0,3.919597989949749,193.66666666666669,2.919597989949749,0.7448717948717949,139.41843971631207,8.0,2
US-MA,63.291666666666664,273.0,4.313364055299539,209.70833333333334,3.313364055299539,0.7681623931623932,185.0195035460993,8.0,2
US-MI,56.875,256.0,4.501098901098901,199.125,3.501098901098901,0.77783203125,326.57978723404256,8.0,2
US-MN,45.916666666666664,262.0,5.7059891107078045,216.08333333333334,4.7059891107078045,0.8247455470737913,300.290780141844,8.0,2
US-MS,81.875,290.0,3.5419847328244276,208.125,2.5419847328244276,0.7176724137931034,76.66489361702128,8.0,2
US-MO,66.0625,266.0,4.026490066225166,199.9375,3.0264900662251657,0.7516447368421053,205.12367021276594,8.0,2
US-MT,54.125,248.0,4.581986143187067,193.875,3.581986143187067,0.7817540322580645,288.6648936170213,8.0,2
US-NE,55.541666666666664,257.0,4.6271567891973,201.45833333333334,3.6271567891973,0.7838845654993515,190.80673758865248,8.0,2
US-NV,68.29166666666667,279.0,4.08541793776693,210.70833333333331,3.0854179377669304,0.7552270011947431,135.40248226950354,8.0,2
US-NH,52.479166666666664,244.0,4.649464073044859,191.52083333333334,3.649464073044859,0.7849214480874317,267.4463652482269,8.0,2
US-NJ,77.125,297.0,3.8508914100486225,219.875,2.8508914100486225,0.7403198653198653,256.96276595744683,8.0,2
US-NM,68.60416666666667,299.0,4.358335863953841,230.39583333333331,3.358335863953841,0.7705546265328874,103.64849290780141,8.0,2
US-NY,61.125,265.0,4.335378323108385,203.875,3.335378323108385,0.7693396226415095,223.3031914893617,8.0,2
US-NC,68.89583333333333,281.0,4.078621106743272,212.10416666666669,3.078621106743272,0.7548190984578885,66.18040780141844,8.0,2
US-ND,59.416666666666664,271.0,4.56100981767181,211.58333333333334,3.5610098176718097,0.7807503075030751,687.9078014184397,8.0,2
US-OH,63.083333333333336,252.0,3.9947159841479523,188.91666666666666,2.9947159841479523,0.7496693121693121,273.6950354609929,8.0,2
US-OK,65.47916666666667,286.0,4.367801463569838,220.52083333333331,3.3678014635698377,0.7710518648018647,96.29742907801419,8.0,2
US-OR,65.95833333333333,283.0,4.290587492103601,217.04166666666669,3.290587492103601,0.7669316843345112,101.87056737588652,8.0,2
US-PA,56.041666666666664,226.0,4.03271375464684,169.95833333333334,3.0327137546468403,0.75202802359882,145.57269503546098,8.0,2
US-RI,58.854166666666664,246.0,4.179823008849557,187.14583333333334,3.1798230088495574,0.7607554200542006,103.40381205673759,8.0,2
US-SC,67.60416666666667,263.0,3.890292758089368,195.39583333333331,2.890292758089368,0.7429499366286438,72.20168439716312,8.0,2
US-SD,49.208333333333336,277.0,5.6291278577476715,227.79166666666666,4.6291278577476715,0.822352587244284,247.53014184397162,8.0,2
US-TN,64.79166666666667,241.0,3.7196141479099674,176.20833333333331,2.7196141479099674,0.7311549100968188,106.6790780141844,8.0,2
US-TX,84.95833333333333,385.0,4.531633153506621,300.0416666666667,3.531633153506621,0.7793290043290043,146.04078014184398,8.0,2
US-UT,63.604166666666664,279.0,4.386505076973469,215.39583333333334,3.386505076973469,0.7720280764635603,204.75487588652481,8.0,2
US-VT,47.4375,226.0,4.764163372859025,178.5625,3.7641633728590254,0.7900995575221239,271.78324468085106,8.0,2
US-VA,66.29166666666667,272.0,4.103079824010056,205.70833333333331,3.103079824010056,0.7562806372549019,96.38120567375887,8.0,2
US-WA,70.22916666666667,278.0,3.9584692969445268,207.77083333333331,2.9584692969445268,0.7473770983213429,73.58466312056737,8.0,2
US-WV,54.625,215.0,3.935926773455378,160.375,2.935926773455378,0.7459302325581396,172.06914893617022,8.0,2
US-WI,57.1875,262.0,4.581420765027322,204.8125,3.581420765027322,0.7817270992366412,420.19813829787233,8.0,2
US-WY,47.104166666666664,234.0,4.9677134011499335,186.89583333333334,3.9677134011499335,0.7987001424501424,263.83998226950354,8.0,2
US-AL,119.875,321.0,2.6777893639207506,201.125,1.6777893639207506,0.6265576323987538,311.04787234042556,32.0,2
US-AK,107.20833333333333,331.0,3.0874465604352896,223.79166666666669,2.0874465604352896,0.6761077542799597,1013.6578014184397,32.0,2
US-AZ,153.64583333333334,394.0,2.564338983050847,240.35416666666666,1.5643389830508472,0.6100359560067682,148.2761524822695,32.0,2
US-AR,113.85416666666667,337.0,2.959926806953339,223.14583333333331,1.959926806953339,0.6621538081107814,230.33998226950354,32.0,2
US-CA,168.35416666666666,456.0,2.708575671327806,287.64583333333337,1.708575671327806,0.6308022660818713,85.12721631205673,32.0,2
US-CO,111.9375,362.0,3.2339475153545507,250.0625,2.2339475153545507,0.6907803867403315,680.1449468085107,32.0,2
US-CT,100.04166666666667,312.0,3.1187005414410662,211.95833333333331,2.1187005414410662,0.6793536324786325,334.25354609929076,32.0,2
US-DE,123.27083333333333,323.0,2.62024674666216,199.72916666666669,1.62024674666216,0.6183565531475748,408.11657801418437,32.0,2
US-FL,134.1875,359.0,2.6753609687936657,224.8125,1.6753609687936657,0.6262186629526463,212.53856382978722,32.0,2
US-GA,117.83333333333333,323.0,2.7411598302687414,205.16666666666669,1.7411598302687414,0.6351909184726523,197.5886524822695,32.0,2
US-HI,62.104166666666664,166.0,2.672928547467293,103.89583333333334,1.672928547467293,0.6258785140562249,61.6697695035461,32.0,2
US-ID,108.83333333333333,307.0,2.8208269525267995,198.16666666666669,1.8208269525267995,0.6454940282301846,533.5460992907801,32.0,2
US-IL,101.75,316.0,3.1056511056511056,214.25,2.1056511056511056,0.678006329113924,637.8085106382979,32.0,2
US-IN,110.02083333333333,305.0,2.7722022344252983,194.97916666666669,1.7722022344252983,0.639275956284153,437.6804078014184,32.0,2
US-IA,92.29166666666667,306.0,3.3155756207674942,213.70833333333331,2.3155756207674942,0.6983932461873639,541.4875886524823,32.0,2
US-KS,119.33333333333333,335.0,2.8072625698324023,215.66666666666669,1.8072625698324023,0.6437810945273632,613.0354609929078,32.0,2
US-KY,101.91666666666667,289.0,2.8356500408830745,187.08333333333331,1.8356500408830745,0.6473471741637831,297.1843971631206,32.0,2
US-LA,155.27083333333334,353.0,2.2734469341204884,197.72916666666666,1.2734469341204884,0.5601392823418319,240.92508865248226,32.0,2
US-ME,103.8125,322.0,3.1017459361830224,218.1875,2.1017459361830224,0.6776009316770186,967.9428191489362,32.0,2
US-MD,113.16666666666667,320.0,2.827687776141384,206.83333333333331,1.8276877761413841,0.6463541666666667,250.82269503546098,32.0,2
US-MA,109.85416666666667,356.0,3.2406599658638346,246.14583333333331,2.2406599658638346,0.6914208801498127,468.6378546099291,32.0,2
US-MI,102.85416666666667,314.0,3.0528661130241037,211.14583333333331,2.0528661130241037,0.6724389596602972,836.2548758865248,32.0,2
US-MN,88.60416666666667,315.0,3.5551375499647304,226.39583333333331,2.5551375499647304,0.7187169312169313,994.2442375886525,32.0,2
US-MS,140.77083333333334,322.0,2.2874056533964775,181.22916666666666,1.2874056533964775,0.5628234989648033,183.75487588652481,32.0,2
US-MO,111.02083333333333,316.0,2.8463126290110714,204.97916666666669,1.8463126290110714,0.6486682489451476,455.42508865248226,32.0,2
US-MT,104.6875,308.0,2.942089552238806,203.3125,1.942089552238806,0.6601055194805194,1109.410904255319,32.0,2
US-NE,97.02083333333333,322.0,3.318874812110801,224.97916666666669,2.318874812110801,0.6986930641821947,650.9570035460993,32.0,2
US-NV,133.125,343.0,2.576525821596244,209.875,1.576525821596244,0.6118804664723032,431.81382978723406,32.0,2
US-NH,92.1875,298.0,3.232542372881356,205.8125,2.232542372881356,0.6906459731543624,691.3045212765958,32.0,2
US-NJ,128.58333333333334,353.0,2.745301360985094,224.41666666666666,1.7453013609850938,0.6357412653446648,457.822695035461,32.0,2
US-NM,132.9375,367.0,2.760695815702868,234.0625,1.760695815702868,0.6377724795640327,269.5066489361702,32.0,2
US-NY,109.02083333333333,331.0,3.036116950124212,221.97916666666669,2.036116950124212,0.6706319234642497,536.105939716312,32.0,2
US-NC,120.875,347.0,2.870734229576008,226.125,1.870734229576008,0.651657060518732,197.89893617021278,32.0,2
US-ND,101.1875,301.0,2.97467572575664,199.8125,1.97467572575664,0.6638289036544851,1763.4321808510638,32.0,2
US-OH,104.25,317.0,3.0407673860911273,212.75,2.0407673860911273,0.6711356466876972,551.468085106383,32.0,2
US-OK,117.52083333333333,337.0,2.8675766708030492,219.47916666666669,1.8675766708030492,0.6512734915924827,266.12721631205676,32.0,2
US-OR,125.6875,346.0,2.7528592739930384,220.3125,1.7528592739930384,0.6367413294797688,312.38962765957444,32.0,2
US-PA,94.66666666666667,284.0,3.0,189.33333333333331,2.0,0.6666666666666666,335.290780141844,32.0,2
US-RI,101.3125,306.0,3.0203578038247993,204.6875,2.0203578038247993,0.6689133986928104,198.09175531914894,32.0,2
US-SC,124.8125,310.0,2.483725588382574,185.1875,1.483725588382574,0.5973790322580645,171.51728723404256,32.0,2
US-SD,96.72916666666667,326.0,3.3702347620073225,229.27083333333331,2.3702347620073225,0.7032847648261759,883.137854609929,32.0,2
US-TN,107.70833333333333,304.0,2.8224371373307546,196.29166666666669,1.8224371373307546,0.6456962719298246,276.2109929078014,32.0,2
US-TX,169.02083333333334,482.0,2.8517194625909035,312.97916666666663,1.8517194625909035,0.6493343706777317,460.99955673758865,32.0,2
US-UT,122.66666666666667,335.0,2.730978260869565,212.33333333333331,1.730978260869565,0.6338308457711443,596.822695035461,32.0,2
US-VT,85.20833333333333,272.0,3.1921760391198046,186.79166666666669,2.1921760391198046,0.686734068627451,703.4024822695036,32.0,2
US-VA,113.91666666666667,320.0,2.809070958302853,206.08333333333331,1.8090709583028528,0.6440104166666667,241.6950354609929,32.0,2
US-WA,130.10416666666666,348.0,2.6747798238590876,217.89583333333334,1.6747798238590876,0.6261374521072798,259.8825354609929,32.0,2
US-WV,91.72916666666667,267.0,2.9107426754485575,175.27083333333331,1.9107426754485575,0.6564450686641699,305.8612588652482,32.0,2
US-WI,100.85416666666667,306.0,3.034083866969634,205.14583333333331,2.034083866969634,0.670411220043573,1004.4250886524823,32.0,2
US-WY,90.39583333333333,272.0,3.0089882461396638,181.60416666666669,2.0089882461396638,0.6676623774509804,919.4357269503546,32.0,2
US-AL,170.83333333333334,385.0,2.2536585365853656,214.16666666666666,1.2536585365853656,0.5562770562770563,540.4397163120567,128.0,2
US-AK,159.875,408.0,2.5519937451133696,248.125,1.5519937451133696,0.6081495098039216,2119.5159574468084,128.0,2
US-AZ,224.45833333333334,478.0,2.1295711899016148,253.54166666666666,1.1295711899016148,0.5304218967921897,264.040780141844,128.0,2
US-AR,157.29166666666666,377.0,2.3968211920529803,219.70833333333334,1.3968211920529803,0.5827807250221044,497.91312056737587,128.0,2
US-CA,251.0,562.0,2.239043824701195,311.0,1.239043824701195,0.5533807829181494,138.08510638297872,128.0,2
US-CO,169.91666666666666,434.0,2.554193231976459,264.08333333333337,1.554193231976459,0.6084869431643625,1392.758865248227,128.0,2
US-CT,142.16666666666666,360.0,2.5322391559202817,217.83333333333334,1.5322391559202817,0.6050925925925926,457.54609929078015,128.0,2
US-DE,166.14583333333334,371.0,2.232978056426332,204.85416666666666,1.2329780564263322,0.5521675651392632,576.637854609929,128.0,2
US-FL,192.25,461.0,2.397919375812744,268.75,1.397919375812744,0.5829718004338396,469.72340425531917,128.0,2
US-GA,169.72916666666666,379.0,2.2329691911132934,209.27083333333334,1.2329691911132934,0.552165787159191,264.92508865248226,128.0,2
US-HI,92.52083333333333,207.0,2.237333933798694,114.47916666666667,1.237333933798694,0.5530394524959743,79.31870567375887,128.0,2
US-ID,160.10416666666666,364.0,2.273519843851659,203.89583333333334,1.273519843851659,0.5601533882783882,997.2442375886525,128.0,2
US-IL,147.89583333333334,369.0,2.494999295675447,221.10416666666666,1.4949992956754472,0.5991982836495031,940.0953014184397,128.0,2
US-IN,150.14583333333334,354.0,2.3577077840987926,203.85416666666666,1.3577077840987926,0.5758592278719397,809.574024822695,128.0,2
US-IA,131.5625,350.0,2.660332541567696,218.4375,1.660332541567696,0.6241071428571429,937.8257978723404,128.0,2
US-KS,163.66666666666666,389.0,2.3767820773930755,225.33333333333334,1.3767820773930755,0.5792630676949444,1031.4184397163122,128.0,2
US-KY,136.97916666666666,340.0,2.48212927756654,203.02083333333334,1.48212927756654,0.5971200980392157,446.7442375886525,128.0,2
US-LA,205.1875,399.0,1.9445628997867803,193.8125,0.9445628997867803,0.48574561403508776,467.7300531914894,128.0,2
US-ME,149.54166666666666,369.0,2.467539704653107,219.45833333333334,1.467539704653107,0.5947380307136405,1816.2960992907801,128.0,2
US-MD,161.14583333333334,384.0,2.382934712346477,222.85416666666666,1.382934712346477,0.5803493923611112,469.1484929078014,128.0,2
US-MA,162.89583333333334,429.0,2.633584857398644,266.10416666666663,1.633584857398644,0.6202894327894328,666.010195035461,128.0,2
US-MI,147.75,365.0,2.470389170896785,217.25,1.4703891708967851,0.5952054794520548,1446.1914893617022,128.0,2
US-MN,135.77083333333334,368.0,2.710449593371183,232.22916666666666,1.710449593371183,0.631057518115942,1862.137854609929,128.0,2
US-MS,186.1875,355.0,1.9066800939912723,168.8125,0.9066800939912723,0.47552816901408446,321.47473404255317,128.0,2
US-MO,150.04166666666666,363.0,2.419327964454318,212.95833333333334,1.4193279644543182,0.586662075298439,833.6578014184397,128.0,2
US-MT,151.70833333333334,359.0,2.3663828618511396,207.29166666666666,1.3663828618511396,0.5774141132776229,2137.572695035461,128.0,2
US-NE,138.75,361.0,2.601801801801802,222.25,1.6018018018018019,0.6156509695290859,1317.723404255319,128.0,2
US-NV,190.0,404.0,2.126315789473684,214.0,1.1263157894736842,0.5297029702970297,636.3404255319149,128.0,2
US-NH,136.52083333333334,351.0,2.5710361666412327,214.47916666666666,1.5710361666412327,0.6110517568850902,1006.6804078014185,128.0,2
US-NJ,176.70833333333334,405.0,2.291912284838481,228.29166666666666,1.2919122848384812,0.5636831275720164,635.0620567375887,128.0,2
US-NM,198.70833333333334,458.0,2.3048857202767876,259.29166666666663,1.3048857202767876,0.5661390101892285,724.9769503546099,128.0,2
US-NY,162.5,397.0,2.443076923076923,234.5,1.443076923076923,0.5906801007556675,935.2340425531914,128.0,2
US-NC,175.3125,406.0,2.3158645276292336,230.6875,1.3158645276292336,0.5681958128078818,361.9215425531915,128.0,2
US-ND,139.70833333333334,348.0,2.490903668356695,208.29166666666666,1.4909036683566952,0.5985392720306513,2836.7641843971633,128.0,2
US-OH,147.5,359.0,2.4338983050847456,211.5,1.4338983050847456,0.5891364902506964,872.936170212766,128.0,2
US-OK,165.47916666666666,381.0,2.3024046330101977,215.52083333333334,1.3024046330101977,0.5656714785651793,585.3612588652483,128.0,2
US-OR,187.5625,422.0,2.2499166944351883,234.4375,1.2499166944351883,0.5555390995260663,663.2726063829788,128.0,2
US-PA,136.9375,367.0,2.6800547695116386,230.0625,1.6800547695116386,0.6268732970027249,580.8683510638298,128.0,2
US-RI,142.54166666666666,343.0,2.4063139432914356,200.45833333333334,1.4063139432914356,0.5844266277939747,321.7429078014184,128.0,2
US-SC,175.39583333333334,361.0,2.0582016866611235,185.60416666666666,1.0582016866611235,0.5141389658356417,199.52083333333334,128.0,2
US-SD,142.77083333333334,364.0,2.549540347293156,221.22916666666666,1.549540347293156,0.6077724358974359,1841.6272163120568,128.0,2
US-TN,146.85416666666666,356.0,2.424173641651298,209.14583333333334,1.424173641651298,0.5874882958801498,533.8718971631206,128.0,2
US-TX,257.875,568.0,2.20261754726127,310.125,1.2026175472612701,0.5459947183098591,696.4946808510638,128.0,2
US-UT,178.97916666666666,385.0,2.151088348271447,206.02083333333334,1.151088348271447,0.5351190476190477,855.9357269503546,128.0,2
US-VT,122.27083333333333,320.0,2.6171409098653946,197.72916666666669,1.6171409098653946,0.6179036458333333,1048.6697695035461,128.0,2
US-VA,161.85416666666666,386.0,2.384862916720299,224.14583333333334,1.3848629167202988,0.5806886873920554,385.4038120567376,128.0,2
US-WA,187.04166666666666,410.0,2.1920249498774784,222.95833333333334,1.1920249498774784,0.5438008130081301,459.3173758865248,128.0,2
US-WV,128.08333333333334,312.0,2.4359141184124917,183.91666666666666,1.4359141184124917,0.5894764957264957,458.7588652482269,128.0,2
US-WI,144.4375,369.0,2.5547382085677195,224.5625,1.5547382085677195,0.608570460704607,1663.910904255319,128.0,2
US-WY,134.375,327.0,2.433488372093023,192.625,1.4334883720930232,0.5890672782874617,1780.1117021276596,128.0,2
US-AL,212.20833333333334,420.0,1.9791871195758883,207.79166666666666,0.9791871195758883,0.4947420634920635,775.3599290780141,512.0,2
US-AK,205.70833333333334,460.0,2.2361758152724325,254.29166666666666,1.2361758152724325,0.5528079710144927,2569.9131205673757,512.0,2
US-AZ,288.625,519.0,1.798181030749242,230.375,0.7981810307492421,0.44388246628131023,246.87765957446808,512.0,2
US-AR,204.5625,401.0,1.9602810876871373,196.4375,0.9602810876871373,0.4898690773067331,726.4640957446809,512.0,2
US-CA,333.3333333333333,642.0,1.9260000000000002,308.6666666666667,0.9260000000000002,0.48078920041536866,336.86524822695037,512.0,2
US-CO,225.02083333333334,481.0,2.137579853717248,255.97916666666666,1.1375798537172481,0.5321812196812197,1953.5953014184397,512.0,2
US-CT,184.52083333333334,410.0,2.221971322118099,225.47916666666666,1.2219713221180988,0.5499491869918699,500.12721631205676,512.0,2
US-DE,199.875,392.0,1.9612257661038148,192.125,0.9612257661038148,0.4901147959183674,591.813829787234,512.0,2
US-FL,250.125,524.0,2.094952523738131,273.875,1.0949525237381308,0.522662213740458,736.5797872340426,512.0,2
US-GA,211.41666666666666,410.0,1.9392983839180136,198.58333333333334,0.9392983839180136,0.484349593495935,286.54609929078015,512.0,2
US-HI,119.5,249.0,2.083682008368201,129.5,1.0836820083682008,0.5200803212851406,153.5744680851064,512.0,2
US-ID,202.16666666666666,401.0,1.983511953833471,198.83333333333334,0.9835119538334709,0.49584372402327515,1082.4822695035461,512.0,2
US-IL,187.02083333333334,396.0,2.1174111618580818,208.97916666666666,1.1174111618580818,0.52772516835016825,1325.8080673758866,512.0,2
US-IN,185.625,385.0,2.074074074074074,199.375,1.074074074074074,0.5178571428571428,1221.473404255319,512.0,2
US-IA,166.41666666666666,380.0,2.2834251377065597,213.58333333333334,1.2834251377065597,0.5620614035087719,1363.822695035461,512.0,2
US-KS,200.16666666666666,433.0,2.1631973355537055,232.83333333333334,1.1631973355537055,0.5377213240954581,1529.9716312056737,512.0,2
US-KY,171.77083333333334,368.0,2.1423893268647665,196.22916666666666,1.1423893268647665,0.5332314311594203,652.6484929078014,512.0,2
US-LA,246.9375,436.0,1.765628954695014,189.0625,0.7656289546950139,0.43362958715596334,642.5279255319149,512.0,2
US-ME,192.60416666666666,406.0,2.1079502433747974,213.39583333333334,1.1079502433747974,0.5256055008210181,2372.4995567375886,512.0,2
US-MD,205.72916666666666,422.0,2.051240506329114,216.27083333333334,1.0512405063291141,0.5124901263823065,650.7123226950355,512.0,2
US-MA,217.5625,475.0,2.183280666475151,257.4375,1.183280666475151,0.5419736842105263,951.1875,512.0,2
US-MI,188.70833333333334,393.0,2.0825789357474056,204.29166666666666,1.0825789357474056,0.5198261238337574,1913.9556737588653,512.0,2
US-MN,177.83333333333334,390.0,2.193064667291471,212.16666666666666,1.193064667291471,0.544017094017094,2410.9929078014184,512.0,2
US-MS,218.27083333333334,384.0,1.7592822372816646,165.72916666666666,0.7592822372816646,0.4315863715277778,463.26551418439715,512.0,2
US-MO,187.89583333333334,393.0,2.0915844328639537,205.10416666666666,1.0915844328639537,0.5218935538592027,1144.7761524822695,512.0,2
US-MT,189.95833333333334,403.0,2.1215178767273524,213.04166666666666,1.1215178767273524,0.5286393713813069,2672.6790780141846,512.0,2
US-NE,175.875,414.0,2.3539445628997866,238.125,1.3539445628997866,0.5751811594202898,1976.537234042553,512.0,2
US-NV,236.875,449.0,1.895514511873351,212.125,0.895514511873351,0.4724387527839644,869.1329787234042,512.0,2
US-NH,179.3125,379.0,2.1136284419658415,199.6875,1.1136284419658415,0.5268799472295514,1340.5172872340424,512.0,2
US-NJ,221.95833333333334,443.0,1.9958700957386897,221.04166666666666,0.9958700957386897,0.49896538750940556,863.572695035461,512.0,2
US-NM,256.375,505.0,1.96977084349098,248.625,0.96977084349098,0.4923267326732673,1067.4308510638298,512.0,2
US-NY,211.54166666666666,448.0,2.117786094150089,236.45833333333334,1.1177860941500888,0.5278087797619048,1185.1897163120568,512.0,2
US-NC,227.45833333333334,451.0,1.9827807290712585,223.54166666666666,0.9827807290712585,0.49565779748706573,437.7429078014184,512.0,2
US-ND,168.375,372.0,2.2093541202672604,203.625,1.2093541202672604,0.5473790322580645,3488.622340425532,512.0,2
US-OH,185.77083333333334,398.0,2.142424582258607,212.22916666666666,1.1424245822586072,0.5332391122278057,1149.2442375886526,512.0,2
US-OK,206.85416666666666,415.0,2.006244334776916,208.14583333333334,1.006244334776916,0.5015562248995984,908.042109929078,512.0,2
US-OR,244.89583333333334,468.0,1.9110165886856656,223.10416666666666,0.9110165886856656,0.4767183048433048,862.7335992907801,512.0,2
US-PA,175.0625,403.0,2.3020349875044626,227.9375,1.3020349875044626,0.5656017369727047,773.1662234042553,512.0,2
US-RI,177.16666666666666,374.0,2.1110065851364066,196.83333333333334,1.1110065851364066,0.5262923351158646,521.2056737588653,512.0,2
US-SC,216.14583333333334,413.0,1.910746987951807,196.85416666666666,0.9107469879518071,0.47664447134786114,292.2548758865248,512.0,2
US-SD,183.1875,392.0,2.1398839986352782,208.8125,1.1398839986352782,0.5326849489795918,2910.878989361702,512.0,2
US-TN,185.64583333333334,401.0,2.160026933004152,215.35416666666666,1.160026933004152,0.5370428096425602,754.8718971631206,512.0,2
US-TX,336.6666666666667,618.0,1.8356435643564355,281.3333333333333,0.8356435643564355,0.4552319309600863,673.4609929078014,512.0,2
US-UT,227.3125,425.0,1.8696728072587296,197.6875,0.8696728072587296,0.46514705882352936,875.2406914893617,512.0,2
US-VT,158.41666666666666,361.0,2.278800631246712,202.58333333333334,1.2788006312467122,0.5611726685133888,1437.6099290780141,512.0,2
US-VA,207.35416666666666,438.0,2.112327941324224,230.64583333333334,1.112327941324224,0.5265886605783866,477.33998226950354,512.0,2
US-WA,238.54166666666666,465.0,1.9493449781659389,226.45833333333334,0.9493449781659389,0.48700716845878134,825.0620567375887,512.0,2
US-WV,164.27083333333334,345.0,2.1001902346227013,180.72916666666666,1.1001902346227013,0.523852657004831,748.7548758865248,512.0,2
US-WI,188.0625,422.0,2.2439348620804256,233.9375,1.2439348620804256,0.5543542654028436,1956.655585106383,512.0,2
US-WY,167.35416666666666,357.0,2.13320054774057,189.64583333333334,1.1332005477405702,0.5312208216619981,2653.254875886525,512.0,2
US-AL,240.91666666666666,438.0,1.8180560359737117,197.08333333333334,0.8180560359737117,0.44996194824961955,927.6099290780141,2048.0,2
US-AK,241.5,489.0,2.0248447204968945,247.5,1.0248447204968945,0.5061349693251533,3314.3829787234044,2048.0,2
US-AZ,338.9375,539.0,1.59026369168357,200.0625,0.59026369168357,0.3711734693877551,284.1875,2048.0,2
US-AR,243.47916666666666,413.0,1.6962436895696074,169.52083333333334,0.6962436895696074,0.4104620661824052,715.2335992907801,2048.0,2
US-CA,405.4583333333333,671.0,1.6549172746891379,265.5416666666667,0.6549172746891379,0.3957401887729757,463.572695035461,2048.0,2
US-CO,270.5416666666667,492.0,1.8185738487602032,221.45833333333331,0.8185738487602032,0.45011856368563685,2673.4024822695037,2048.0,2
US-CT,217.20833333333334,426.0,1.9612507193554574,208.79166666666666,0.9612507193554574,0.4901212832550861,632.2109929078014,2048.0,2
US-DE,222.77083333333334,414.0,1.8584120452632562,191.22916666666666,0.8584120452632562,0.4619061996779388,673.7548758865248,2048.0,2
US-FL,303.6666666666667,566.0,1.8638858397365532,262.3333333333333,0.8638858397365532,0.46348645465253235,1015.2056737588653,2048.0,2
US-GA,244.91666666666666,420.0,1.7148690030622662,175.08333333333334,0.7148690030622662,0.41686507936507944,354.8014184397163,2048.0,2
US-HI,136.95833333333334,268.0,1.9567995132339517,131.04166666666666,0.9567995132339517,0.48896144278606957,247.40248226950354,2048.0,2
US-ID,231.14583333333334,428.0,1.8516448850833709,196.85416666666666,0.8516448850833709,0.45993964174454827,1168.1272163120568,2048.0,2
US-IL,220.35416666666666,422.0,1.9150987992814599,201.64583333333334,0.9150987992814599,0.47783372827804105,1745.637854609929,2048.0,2
US-IN,213.35416666666666,405.0,1.8982521238160337,191.64583333333334,0.8982521238160337,0.4731995884773663,1528.2335992907801,2048.0,2
US-IA,192.41666666666666,398.0,2.068427890861845,205.58333333333334,1.068427890861845,0.5165410385259632,1842.2482269503546,2048.0,2
US-KS,231.875,448.0,1.9320754716981132,216.125,0.9320754716981132,0.482421875,2010.4521276595744,2048.0,2
US-KY,199.79166666666666,380.0,1.9019812304483839,180.20833333333334,0.9019812304483839,0.4742324561403509,917.9131205673759,2048.0,2
US-LA,278.4166666666667,451.0,1.6198742891349893,172.58333333333331,0.6198742891349893,0.3826681448632667,1061.6524822695035,2048.0,2
US-ME,225.5625,428.0,1.8974785259074536,202.4375,0.8974785259074536,0.4729848130841121,2483.4002659574467,2048.0,2
US-MD,245.33333333333334,432.0,1.7608695652173911,186.66666666666666,0.7608695652173911,0.4320987654320988,703.2056737588653,2048.0,2
US-MA,264.0625,487.0,1.8442603550295857,222.9375,0.8442603550295857,0.45777720739219707,1202.783244680851,2048.0,2
US-MI,223.41666666666666,406.0,1.8172323759791122,182.58333333333334,0.8172323759791122,0.449712643678161,2230.971631205674,2048.0,2
US-MN,210.125,409.0,1.9464604402141583,198.875,0.9464604402141583,0.4862469437652812,2734.026595744681,2048.0,2
US-MS,237.47916666666666,403.0,1.6969909641196597,165.52083333333334,0.6969909641196597,0.41072167080231603,599.1910460992908,2048.0,2
US-MO,217.625,405.0,1.8609994256174611,187.375,0.8609994256174611,0.46265432098765435,1286.026595744681,2048.0,2
US-MT,218.95833333333334,418.0,1.9090390104662225,199.04166666666666,0.9090390104662225,0.4761762360446571,3146.97695035461,2048.0,2
US-NE,204.52083333333334,427.0,2.0878068656412343,222.47916666666666,1.0878068656412343,0.5210284933645589,2575.191046099291,2048.0,2
US-NV,267.9166666666667,471.0,1.75800933125972,203.08333333333331,0.75800933125972,0.43117480537862696,1143.2695035460993,2048.0,2
US-NH,214.47916666666666,399.0,1.8603205439533754,184.52083333333334,0.8603205439533754,0.4624582289055974,1581.701684397163,2048.0,2
US-NJ,258.8333333333333,457.0,1.7656149388280749,198.16666666666669,0.7656149388280749,0.43362509117432535,868.950354609929,2048.0,2
US-NM,302.3958333333333,535.0,1.7692042714433347,232.60416666666669,0.7692042714433347,0.43477414330218067,1231.137854609929,2048.0,2
US-NY,249.70833333333334,461.0,1.846153846153846,211.29166666666666,0.846153846153846,0.45833333333333326,1243.1471631205675,2048.0,2
US-NC,272.3333333333333,469.0,1.7221542227662179,196.66666666666669,0.7221542227662179,0.41933191186922536,471.20567375886526,2048.0,2
US-ND,182.91666666666666,385.0,2.1047835990888384,202.08333333333334,1.1047835990888384,0.524891774891775,4144.4609929078015,2048.0,2
US-OH,219.6875,410.0,1.8662873399715505,190.3125,0.8662873399715505,0.46417682926829273,1366.1768617021276,2048.0,2
US-OK,235.85416666666666,435.0,1.8443600388658246,199.14583333333334,0.8443600388658246,0.4578065134099617,1030.0846631205675,2048.0,2
US-OR,288.5416666666667,506.0,1.7536462093862815,217.45833333333331,0.7536462093862815,0.42975955204216065,893.8705673758865,2048.0,2
US-PA,211.875,420.0,1.9823008849557522,208.125,0.9823008849557522,0.4955357142857143,1012.5372340425532,2048.0,2
US-RI,197.66666666666666,389.0,1.9679595278246207,191.33333333333334,0.9679595278246207,0.49185946872322195,695.2056737588653,2048.0,2
US-SC,247.91666666666666,433.0,1.7465546218487396,185.08333333333334,0.7465546218487396,0.4274441878367976,379.39716312056737,2048.0,2
US-SD,205.9375,400.0,1.9423368740515934,194.0625,0.9423368740515934,0.48515624999999996,3525.719414893617,2048.0,2
US-TN,221.9375,415.0,1.8698958039988736,193.0625,0.8698958039988736,0.46521084337349394,898.8683510638298,2048.0,2
US-TX,402.875,647.0,1.6059571827489916,244.125,0.6059571827489916,0.37731839258114375,553.6010638297872,2048.0,2
US-UT,260.5416666666667,455.0,1.7463617463617462,194.45833333333331,0.7463617463617462,0.4273809523809523,939.4450354609929,2048.0,2
US-VT,188.70833333333334,382.0,2.0242879222786487,193.29166666666666,1.0242879222786487,0.5059991273996509,1575.4450354609928,2048.0,2
US-VA,248.3125,470.0,1.8927762396174175,221.6875,0.8927762396174175,0.47167553191489364,506.7726063829787,2048.0,2
US-WA,281.5833333333333,481.0,1.7081976916247412,199.41666666666669,0.7081976916247412,0.4145876645876646,986.8014184397163,2048.0,2
US-WV,193.91666666666666,358.0,1.8461538461538463,164.08333333333334,0.8461538461538463,0.45833333333333337,1006.4609929078014,2048.0,2
US-WI,224.75,439.0,1.9532814238042269,214.25,0.9532814238042269,0.48804100227790437,2346.148936170213,2048.0,2
US-WY,188.0,383.0,2.0372340425531914,195.0,1.0372340425531914,0.5091383812010444,3589.276595744681,2048.0,2
